title;artist;top genre;year;bpm;nrgy;dnce;dB;live;val;dur;acous;spch;pop
Propuesta Indecente;Romeo Santos;bachata;2014;123;63;76;-7;7;74;235;50;5;75
Rewrite The Stars (with James Arthur & Anne-Marie);James Arthur;pop;2018;126;74;67;-5;47;57;218;24;4;75
The A Team;Ed Sheeran;pop;2011;85;29;64;-10;18;41;258;67;4;75
"My Heart Will Go On - Love Theme from ""Titanic""";Céline Dion;canadian pop;1997;99;28;43;-12;12;4;280;73;3;75
Hurts Like Hell (feat. Offset);Madison Beer;dance pop;2018;75;56;70;-7;9;61;207;19;18;75
Dura;Daddy Yankee;latin;2018;95;84;78;-3;41;84;200;17;5;75
Unwritten;Natasha Bedingfield;dance pop;2004;100;80;71;-6;8;63;259;1;4;75
Say My Name;Destiny's Child;dance pop;1999;138;68;71;-4;15;73;271;27;10;75
Échame La Culpa;Luis Fonsi;latin;2019;96;90;73;-4;12;65;174;4;4;75
Young And Beautiful;Lana Del Rey;art pop;2013;114;42;32;-9;11;15;236;26;4;75
Versace on the Floor;Bruno Mars;pop;2016;174;57;58;-6;8;30;261;20;5;75
What About Us;P!nk;dance pop;2017;114;59;49;-6;9;19;270;3;5;75
Rolling in the Deep;Adele;british soul;2011;105;76;73;-5;5;52;228;13;3;75
Ocean Drive;Duke Dumont;dance pop;2015;115;72;69;-5;12;56;206;1;4;75
...Baby One More Time;Britney Spears;dance pop;1999;93;70;76;-6;44;91;211;20;3;75
Wrecking Ball;Miley Cyrus;dance pop;2013;120;42;53;-6;11;35;221;41;3;75
Let Her Go;Passenger;folk-pop;2013;75;55;48;-7;10;24;253;37;7;75
Clocks;Coldplay;permanent wave;2002;131;75;58;-7;18;26;308;60;3;75
Reggaetón Lento (Bailemos);CNCO;boy band;2016;94;84;76;-3;18;71;223;40;5;74
Insomnia;Daya;dance pop;2019;123;65;75;-5;38;38;180;9;6;74
Perfect to Me;Anne-Marie;dance pop;2018;180;55;60;-6;7;40;198;9;15;74
DDU-DU DDU-DU;BLACKPINK;k-pop;2018;140;86;67;-4;27;39;209;3;8;74
Shape of My Heart;Backstreet Boys;boy band;2000;96;79;57;-4;16;52;230;25;3;74
Love You Like A Love Song;Selena Gomez & The Scene;dance pop;2011;117;68;86;-4;7;92;188;8;5;74
Heart Attack;Demi Lovato;dance pop;2013;174;79;50;-5;24;50;211;7;10;74
Big Girls Don't Cry (Personal);Fergie;dance pop;2006;113;64;71;-4;9;25;268;21;3;74
Grenade;Bruno Mars;pop;2010;110;56;71;-7;12;23;223;15;6;74
Waves;Dean Lewis;australian pop;2019;157;73;52;-7;6;34;240;18;5;74
We Found Love;Rihanna;barbadian pop;2011;128;77;73;-4;11;60;215;3;4;74
Skinny Love;Birdy;neo mellow;2011;166;29;38;-8;12;17;201;95;5;74
Tuesday (feat. Danelle Sandoval);Burak Yeter;electro house;2016;99;64;84;-6;5;68;242;2;7;74
Karma Police;Radiohead;alternative rock;1997;75;51;36;-9;17;32;264;6;3;74
Superheroes;The Script;celtic rock;2014;167;89;49;-4;7;64;245;0;4;74
My Immortal;Evanescence;alternative metal;2003;79;27;19;-9;13;10;263;86;4;74
Womanizer;Britney Spears;dance pop;2009;139;70;72;-5;9;24;224;7;6;74
Animals;Maroon 5;pop;2015;190;74;28;-6;59;33;231;0;9;74
Total Eclipse of the Heart;Bonnie Tyler;europop;1999;130;66;44;-8;10;18;270;20;7;74
Downtown;Anitta;baile pop;2017;166;68;78;-5;7;62;193;18;14;74
Bad Things (with Camila Cabello);Machine Gun Kelly;pop rap;2017;138;69;70;-5;19;31;239;21;15;73
Say Love;James TW;neo mellow;2019;84;45;75;-8;37;54;221;11;6;73
Look What You Made Me Do;Taylor Swift;dance pop;2017;128;71;77;-6;13;51;212;20;12;73
Goodbyes (feat. Young Thug);Post Malone;dfw rap;2019;150;65;59;-4;11;18;175;41;7;73
You Found Me;The Fray;neo mellow;2009;152;80;34;-5;14;40;242;2;4;73
Skyfall - Full Length;Adele;british soul;2012;76;55;35;-7;11;8;286;42;3;73
Mama;Jonas Blue;dance pop;2018;104;79;74;-4;5;57;184;10;4;73
Lean On;Major Lazer;dance pop;2015;98;81;72;-3;56;27;177;0;6;73
Give Me Love;Ed Sheeran;pop;2011;116;33;53;-10;11;11;526;69;5;73
Breakeven;The Script;celtic rock;2008;94;70;63;-5;8;53;261;17;2;73
Back to You (feat. Bebe Rexha & Digital Farm Animals);Louis Tomlinson;dance pop;2017;75;53;68;-5;39;65;190;21;14;73
Counting Stars;OneRepublic;dance pop;2014;122;71;66;-5;12;48;258;7;4;73
Talking to the Moon;Bruno Mars;pop;2010;146;61;52;-5;11;7;218;51;3;73
Party In The U.S.A.;Miley Cyrus;dance pop;2009;96;70;65;-5;9;47;202;0;4;73
All the Time;Zara Larsson;dance pop;2019;102;80;67;-3;13;50;228;18;6;73
Girls Like You (feat. Cardi B);Maroon 5;pop;2018;125;54;85;-7;13;45;236;57;5;73
Find U Again (feat. Camila Cabello);Mark Ronson;dance pop;2019;104;66;61;-7;20;16;176;1;3;73
Cry Me a River;Justin Timberlake;dance pop;2002;74;65;62;-7;10;56;288;57;18;73
Starlight;Muse;modern rock;2006;122;87;55;-4;21;32;240;0;3;73
Jar of Hearts;Christina Perri;dance pop;2011;75;35;35;-6;12;9;247;73;3;73
Superficial Love;Ruth B.;canadian pop;2015;44;24;48;-9;8;49;208;93;5;72
Try;P!nk;dance pop;2012;104;63;67;-7;9;55;248;0;3;72
Stolen Dance;Milky Chance;german pop;2014;114;58;89;-9;8;73;314;43;4;72
I Took A Pill In Ibiza - Seeb Remix;Mike Posner;dance pop;2016;102;71;66;-7;8;69;198;4;11;72
Unconditionally;Katy Perry;dance pop;2013;129;73;40;-5;21;36;229;0;4;72
Cheap Thrills;Sia;australian dance;2016;90;70;63;-6;9;73;212;5;11;72
Kiss Me;Ed Sheeran;pop;2011;75;23;59;-17;2;18;281;64;5;72
Radioactive;Imagine Dragons;modern rock;2012;136;78;45;-4;67;24;187;11;6;72
Demons;Imagine Dragons;modern rock;2012;90;71;51;-3;33;43;175;19;3;72
Summertime Sadness (Lana Del Rey Vs. Cedric Gervais) - Cedric Gervais Remix;Lana Del Rey;art pop;2013;126;81;57;-6;13;11;215;2;6;72
Under Control;Calvin Harris;dance pop;2014;126;92;54;-3;12;51;184;13;8;72
Hello;Adele;british soul;2016;158;45;48;-6;9;29;295;34;3;72
Because of You;Kelly Clarkson;dance pop;2004;140;58;58;-5;12;14;219;25;3;72
Payphone;Maroon 5;pop;2012;110;76;74;-5;37;52;231;1;4;72
Fetish (feat. Gucci Mane);Selena Gomez;dance pop;2017;123;62;71;-4;6;27;186;2;6;71
Wherever You Will Go;The Calling;neo mellow;2001;112;72;56;-5;12;37;209;4;3;71
Lonely Day;System Of A Down;alternative metal;2005;113;80;47;-3;13;22;168;36;3;71
Ain't Nobody (Loves Me Better) (feat. Jasmine Thompson);Felix Jaehn;dance pop;2018;118;57;78;-7;7;48;186;67;3;71
Numb / Encore;JAY-Z;east coast hip hop;2004;107;80;69;-4;55;80;205;6;16;71
All I Want;Kodaline;irish pop;2013;86;41;21;-10;8;16;306;17;4;71
Feel;Robbie Williams;europop;2002;98;73;60;-7;14;29;264;1;3;71
Dear Future Husband;Meghan Trainor;dance pop;2015;79;78;66;-5;32;83;184;38;19;71
Me Too;Meghan Trainor;dance pop;2017;124;69;93;-6;48;84;181;10;10;71
Still Loving You;Scorpions;album rock;2011;104;61;28;-5;10;8;403;0;3;71
Beautiful;Christina Aguilera;dance pop;2002;76;57;46;-4;11;10;239;58;3;71
Whenever, Wherever;Shakira;colombian pop;2001;108;83;79;-5;20;87;196;24;4;71
Let You Love Me;Rita Ora;dance pop;2018;96;85;48;-3;8;45;191;28;28;71
Can't Get You out of My Head;Kylie Minogue;australian dance;2001;126;56;77;-8;12;96;231;3;3;71
Hung Up;Madonna;dance pop;2005;125;65;65;-8;7;41;338;0;5;70
Mama (feat. Ellie Goulding);Clean Bandit;dance pop;2018;102;71;74;-6;27;61;190;23;4;70
Marvin Gaye;Charlie Puth;dance pop;2015;110;62;80;-5;35;82;190;42;6;70
I Don’t Wanna Live Forever (Fifty Shades Darker);ZAYN;dance pop;2017;118;44;73;-8;21;10;246;6;6;70
International Love;Pitbull;dance pop;2011;120;86;67;-3;34;65;227;1;5;70
All About That Bass;Meghan Trainor;dance pop;2015;134;89;81;-4;12;96;188;6;5;70
Tenerife Sea;Ed Sheeran;pop;2014;122;35;53;-10;11;36;241;70;4;70
Weak;AJR;modern rock;2017;124;64;67;-5;19;70;201;12;5;70
Good Life;OneRepublic;dance pop;2009;95;69;63;-8;13;65;253;8;5;70
Apologize;OneRepublic;dance pop;2007;118;74;59;-6;10;50;208;36;3;70
I Need A Doctor;Dr. Dre;g funk;2011;156;95;59;-5;31;40;284;9;45;70
Unfaithful;Rihanna;barbadian pop;2006;144;39;59;-9;23;35;227;84;3;70
The Heart Wants What It Wants;Selena Gomez;dance pop;2014;83;79;62;-5;14;62;227;5;4;69
Let's Get Loud;Jennifer Lopez;dance pop;1999;131;94;82;-5;35;91;239;14;6;69
Familiar;Liam Payne;dance pop;2018;93;81;64;-5;8;91;197;2;33;69
We Don't Talk Anymore;Charlie Puth;dance pop;2016;100;56;73;-8;18;35;218;62;13;69
Survivor;Destiny's Child;dance pop;2001;161;91;51;-2;78;62;254;6;41;69
Hall of Fame;The Script;celtic rock;2012;85;87;42;-4;12;63;203;7;6;69
"Just Like Fire (From the Original Motion Picture ""Alice Through The Looking Glass"")";P!nk;dance pop;2016;163;70;63;-6;11;50;215;1;15;69
Nothing Else Matters;Metallica;hard rock;1991;142;36;56;-11;8;17;389;5;3;69
Send Me An Angel;Scorpions;album rock;1990;81;42;15;-12;21;17;273;43;3;69
Gimme More;Britney Spears;dance pop;2007;113;84;79;-3;7;38;251;25;3;69
Work Bitch;Britney Spears;dance pop;2013;128;82;63;-7;7;85;248;16;16;69
The Cure;Lady Gaga;dance pop;2017;100;51;70;-5;9;52;211;8;3;69
Poker Face;Lady Gaga;dance pop;2008;119;81;85;-5;12;78;237;12;8;69
Single Ladies (Put a Ring on It);Beyoncé;dance pop;2008;193;58;43;-5;19;27;193;4;30;69
Ain't My Fault;Zara Larsson;dance pop;2017;141;78;58;-5;28;36;224;1;3;69
No Matter What;Calum Scott;pop;2018;135;30;50;-8;10;27;237;90;3;69
Moves Like Jagger - Studio Recording From The Voice Performance;Maroon 5;pop;2010;128;76;72;-4;31;62;201;1;5;69
WTF (feat. Amber Van Day);HUGEL;deep house;2018;124;74;81;-5;70;87;161;6;5;69
Somebody Told Me;The Killers;modern rock;2004;138;99;51;-3;12;65;197;0;9;69
Barcelona;Ed Sheeran;pop;2017;100;76;75;-4;15;68;191;45;19;69
Gold;Kiiara;dance pop;2016;113;41;60;-9;13;41;226;62;34;68
Everglow;Coldplay;permanent wave;2015;146;45;54;-9;11;14;283;46;3;68
Love Me or Leave Me;Little Mix;dance pop;2015;67;37;48;-6;9;37;206;60;3;68
Dog Days Are Over;Florence + The Machine;art pop;2009;150;81;49;-5;12;25;252;4;8;68
Dernière danse;Indila;francoton;2014;115;45;67;-8;7;33;213;18;5;68
Awake and Alive;Skillet;alternative metal;2009;160;94;43;-3;49;57;209;4;6;68
NO;Meghan Trainor;dance pop;2017;92;80;56;-4;74;65;214;1;22;68
Need You Now;Lady Antebellum;contemporary country;2010;108;62;59;-6;20;23;278;9;3;68
Writing's On The Wall;Sam Smith;pop;2015;81;30;26;-8;9;9;279;77;3;68
S&M;Rihanna;barbadian pop;2010;128;68;77;-5;10;83;244;1;4;67
Habits (Stay High);Tove Lo;dance pop;2014;110;65;73;-4;8;35;209;7;3;67
All The Things She Said;t.A.T.u.;dance pop;2002;90;83;60;-6;11;38;214;4;4;67
Where Have You Been;Rihanna;barbadian pop;2011;128;85;72;-6;22;44;243;0;9;67
House of Memories;Panic! At The Disco;baroque pop;2016;110;82;51;-5;5;51;209;0;3;67
Here's to Never Growing Up;Avril Lavigne;canadian pop;2013;165;87;48;-3;41;74;214;1;9;67
In the Shadows;The Rasmus;funk metal;2003;106;80;60;-4;48;75;258;0;3;67
Don't Speak;No Doubt;alternative rock;1995;76;71;52;-7;18;54;264;25;4;67
She's The One;Robbie Williams;europop;1998;167;61;24;-8;22;33;258;66;3;67
Runnin' (Lose It All);Naughty Boy;tropical house;2015;139;85;32;-6;48;8;213;1;8;67
Fighter;Christina Aguilera;dance pop;2002;189;92;44;-1;55;45;246;24;20;67
Heartbeat Song;Kelly Clarkson;dance pop;2015;149;80;49;-4;6;48;199;1;5;67
Shake It Off;Taylor Swift;dance pop;2014;160;79;65;-5;15;94;219;6;17;67
D.A.N.C.E;Justice;alternative dance;2007;113;96;61;-5;82;50;242;3;28;66
It's Gonna Be Me;*NSYNC;boy band;2000;165;87;64;-5;4;91;192;4;7;66
Only Girl (In The World);Rihanna;barbadian pop;2010;126;72;79;-4;6;60;236;10;4;66
Dying in LA;Panic! At The Disco;baroque pop;2018;126;35;35;-5;7;32;229;88;3;66
Let's Hurt Tonight;OneRepublic;dance pop;2016;62;71;36;-5;32;27;195;33;4;66
Truth Hurts;Lizzo;escape room;2019;158;62;72;-3;12;41;173;11;11;66
The Days;Avicii;big room;2014;127;72;59;-3;14;53;278;4;4;66
Brooklyn Baby;Lana Del Rey;art pop;2014;108;66;40;-7;11;9;352;54;4;66
Come Undone;Duran Duran;dance rock;1993;174;79;54;-8;8;71;257;4;5;66
High By The Beach;Lana Del Rey;art pop;2015;132;49;54;-11;12;10;258;24;3;66
It Will Rain;Bruno Mars;pop;2011;150;84;58;-7;8;48;258;34;5;66
Hurt;Christina Aguilera;dance pop;2006;149;30;33;-7;11;14;243;78;3;66
Somewhere Only We Know;Keane;neo mellow;2004;172;66;45;-4;8;37;236;8;3;66
Stronger (What Doesn't Kill You);Kelly Clarkson;dance pop;2011;116;94;56;-4;11;68;222;5;5;66
Baby (feat. MARINA & Luis Fonsi);Clean Bandit;dance pop;2018;117;74;76;-5;10;33;205;36;4;66
Not Your Barbie Girl;Ava Max;dance pop;2018;120;64;75;-4;3;35;187;10;5;66
Say My Name;David Guetta;dance pop;2018;95;66;70;-5;19;79;199;14;12;66
Sweet Little Lies;bülow;dance pop;2019;160;73;65;-4;17;69;175;23;14;65
I'd Love To Change The World - Matstubs Remix;Jetta;metropopolis;2015;140;80;48;-5;6;20;190;7;13;65
Crazy in Love;Sofia Karlberg;viral pop;2014;120;50;54;-9;16;32;190;52;5;65
Sex;Cheat Codes;dance pop;2016;102;69;51;-6;14;21;228;0;17;65
Never Be the Same;Camila Cabello;dance pop;2017;130;71;64;-4;12;26;227;14;7;65
People Help the People;Birdy;neo mellow;2011;73;31;41;-9;9;15;256;78;3;65
Everytime We Touch;Cascada;bubblegum dance;2006;142;97;64;-5;41;50;196;0;5;65
Habits (Stay High) - Hippie Sabotage Remix;Tove Lo;dance pop;2014;121;69;74;-8;9;7;259;0;4;65
Burn;Ellie Goulding;dance pop;2013;87;78;56;-5;11;33;231;31;4;65
Hot N Cold;Katy Perry;dance pop;2008;132;84;71;-4;7;86;220;0;4;65
Cheerleader - Felix Jaehn Remix Radio Edit;OMI;dance pop;2015;118;68;78;-6;14;59;181;14;3;65
Whataya Want from Me;Adam Lambert;dance pop;2009;186;68;44;-5;6;45;227;1;5;65
Don't Wanna Know (feat. Kendrick Lamar);Maroon 5;pop;2018;100;61;78;-6;10;42;214;34;7;65
Photograph;Ed Sheeran;pop;2013;108;38;61;-10;10;20;259;61;5;65
Troublemaker (feat. Flo Rida);Olly Murs;dance pop;2011;106;86;76;-4;15;97;185;2;7;64
Till the World Ends;Britney Spears;dance pop;2011;132;71;69;-6;20;45;238;2;7;64
I Knew You Were Trouble.;Taylor Swift;dance pop;2012;77;47;62;-7;4;68;218;0;4;64
Keep Holding On;Avril Lavigne;canadian pop;2007;161;79;27;-2;14;15;240;4;3;64
The Last Of The Real Ones;Fall Out Boy;emo;2018;115;87;58;-5;19;56;230;1;5;64
Bills, Bills, Bills;Destiny's Child;dance pop;1999;128;58;85;-5;8;46;256;14;15;64
Born To Be Yours;Kygo;edm;2018;114;69;69;-6;10;45;193;30;4;64
Kissing Strangers;DNCE;dance pop;2017;120;74;77;-6;9;86;202;5;4;64
Bad Girlfriend;Anne-Marie;dance pop;2018;144;70;75;-5;26;60;206;19;6;64
Ghost Town;Adam Lambert;dance pop;2015;120;74;70;-6;17;27;208;19;5;64
Breathe;Jax Jones;dance pop;2017;126;74;72;-6;14;69;208;2;4;64
Candyman;Christina Aguilera;dance pop;2006;173;79;69;-5;14;72;194;1;23;64
Russian Roulette;Rihanna;barbadian pop;2009;80;49;48;-6;11;27;228;5;4;64
Anywhere;Rita Ora;dance pop;2018;107;74;65;-6;9;34;216;3;7;64
Dinero;Jennifer Lopez;dance pop;2018;128;88;72;-3;29;64;214;41;34;63
Blow;Kesha;dance pop;2010;120;73;75;-4;7;81;220;0;4;63
Runnin';Adam Lambert;dance pop;2012;83;87;41;-4;15;39;229;1;8;63
Angel With A Shotgun;The Cab;emo;2011;124;84;55;-5;39;40;221;1;5;63
Vivo per lei;Andrea Bocelli;classical tenor;1995;136;46;53;-6;18;29;266;70;3;63
Youth;Daughter;chamber pop;2013;147;53;40;-11;12;41;253;89;4;63
Hundred Miles;Yall;;2015;98;71;48;-4;21;49;172;3;11;63
Firework;Katy Perry;dance pop;2010;124;83;64;-5;11;65;228;14;5;63
Jai Ho! (You Are My Destiny);A.R. Rahman;desi pop;2009;136;94;66;-4;8;88;222;5;6;63
Buttons;The Pussycat Dolls;dance pop;2005;211;82;57;-4;29;41;226;18;27;63
I See Fire;Ed Sheeran;pop;2013;76;5;63;-21;10;20;301;56;4;63
Ciao Adios;Anne-Marie;dance pop;2018;106;85;69;-4;32;50;200;14;9;63
"Lady Marmalade - From ""Moulin Rouge"" Soundtrack";Christina Aguilera;dance pop;2001;110;81;76;-4;66;64;265;2;5;63
Paparazzi;Lady Gaga;dance pop;2008;115;69;76;-4;10;40;208;11;4;63
Umbrella;Rihanna;barbadian pop;2007;174;83;58;-5;4;57;276;1;13;63
Everytime;Britney Spears;dance pop;2003;110;28;40;-13;12;11;230;97;3;62
Vanilla Twilight;Owl City;pop;2009;166;53;58;-8;11;57;232;1;2;62
arms;Christina Perri;dance pop;2011;145;76;46;-7;10;25;261;11;6;62
"Flashlight - From ""Pitch Perfect 2"" Soundtrack";Jessie J;dance pop;2015;148;62;38;-7;10;40;210;34;6;62
By Your Side;Sade;british soul;2000;146;43;65;-10;8;58;275;9;3;62
Cater 2 U;Destiny's Child;dance pop;2004;126;58;61;-7;24;46;245;29;20;62
Rain;The Script;celtic rock;2017;93;59;69;-8;36;61;209;24;11;62
Crying in the Rain;a-ha;dance rock;1990;182;55;39;-9;34;15;260;44;4;62
Does It Matter;Janieck;dutch pop;2017;126;76;73;-6;11;29;208;2;6;62
My Way;Ava Max;dance pop;2018;100;62;69;-5;9;40;142;6;4;62
Potential Breakup Song;Aly & AJ;dance pop;2007;158;89;57;-4;56;77;220;0;4;61
3;Britney Spears;dance pop;2009;135;71;70;-2;14;79;213;5;5;61
Muñequita Linda;Juan Magán;dance pop;2018;130;85;76;-4;9;42;211;0;5;61
I Found You (with Calvin Harris);benny blanco;pop;2018;123;87;79;-4;24;36;189;3;4;61
Fragile;Sting;permanent wave;1987;82;20;32;-21;9;29;236;91;4;61
Impossible Year;Panic! At The Disco;baroque pop;2016;86;34;17;-9;11;10;203;47;3;61
Music To Watch Boys To;Lana Del Rey;art pop;2015;132;49;40;-8;24;13;291;71;4;61
Salvatore;Lana Del Rey;art pop;2015;118;31;30;-10;12;12;281;68;3;61
All I Got;Said the Sky;edm;2018;145;58;33;-7;57;10;316;16;5;61
New Friends;Maty Noyes;electropop;2018;168;72;68;-5;3;59;191;3;21;60
Drugs;UPSAHL;indie electropop;2019;77;42;88;-9;6;32;156;35;17;60
MAYDAY;TheFatRat;deep dubstep;2018;150;56;42;-7;11;13;247;1;3;60
Price Tag;Jessie J;dance pop;2011;175;83;64;-4;28;69;223;3;18;60
Independent Women, Pt. 1;Destiny's Child;dance pop;2001;97;60;52;-4;18;92;222;39;26;60
Come Hang Out;AJR;modern rock;2017;91;73;61;-5;5;39;266;0;7;60
No One Like You;Scorpions;album rock;1982;118;62;51;-10;13;81;237;1;4;60
Breathe Me;Sia;australian dance;2004;120;62;55;-7;12;19;272;4;3;60
Overprotected - Radio Edit;Britney Spears;dance pop;2001;96;89;68;-2;42;85;199;4;7;59
Грустный дэнс (feat. Артем Качер);Artik & Asti;russian dance pop;2019;118;76;75;-4;34;47;218;14;22;59
Alarm;Anne-Marie;dance pop;2018;147;59;76;-5;18;81;206;8;23;59
Behind These Hazel Eyes;Kelly Clarkson;dance pop;2004;90;89;55;-5;20;43;199;0;4;59
Arrival of the Birds;The Cinematic Orchestra;downtempo;2008;173;14;18;-17;9;7;157;94;4;59
Between the Bars;Elliott Smith;alternative rock;1997;135;8;52;-24;11;35;141;94;6;59
7 Seconds (feat. Neneh Cherry);Youssou N'Dour;afropop;2004;154;70;68;-10;33;51;306;8;3;59
Alejandro;Lady Gaga;dance pop;2009;99;80;63;-7;36;37;274;0;5;59
If I Were a Boy;Beyoncé;dance pop;2008;90;52;63;-6;35;43;249;11;3;59
Misery;Maroon 5;pop;2010;103;81;70;-5;22;73;216;0;4;59
Lose Yourself;Eminem;detroit hip hop;2014;171;74;69;-5;37;6;321;1;27;58
Boom Clap;Charli XCX;candy pop;2014;92;91;66;-2;19;58;170;15;8;58
Left Outside Alone;Anastacia;dance pop;2004;103;75;66;-4;9;33;257;7;3;58
You Raise Me Up;Josh Groban;adult standards;2003;118;14;25;-12;11;10;292;67;4;58
Present Tense;Radiohead;alternative rock;2016;92;41;48;-12;11;34;307;91;3;58
Autumn Leaves - Deluxe Edition;Ed Sheeran;pop;2011;89;26;56;-13;12;43;201;89;3;58
No Roots;Alice Merton;modern rock;2017;116;66;86;-7;7;83;236;26;11;58
Girls (feat. Cardi B, Bebe Rexha & Charli XCX);Rita Ora;dance pop;2018;94;69;73;-4;10;42;221;2;5;58
In Your Eyes;Kylie Minogue;australian dance;2001;124;89;69;-6;7;71;198;13;7;58
L.A.LOVE (la la) [feat. YG];Fergie;dance pop;2017;101;48;51;-7;24;30;212;2;18;57
Il avait les mots;Sheryfa Luna;francoton;2007;86;70;62;-7;7;62;227;22;4;57
Dream;Imagine Dragons;modern rock;2014;143;51;35;-8;7;12;258;67;5;57
Another Love;Tom Odell;neo mellow;2013;123;54;45;-9;9;13;244;70;4;57
Fall In Line (feat. Demi Lovato);Christina Aguilera;dance pop;2018;123;63;39;-5;28;20;249;21;8;57
Любимка;NILETTO;russian hip hop;2019;130;77;85;-4;81;54;220;12;7;56
CRY;KAZKA;russian pop;2018;104;80;79;-4;4;60;225;18;4;56
Beautiful (feat. Camila Cabello) - Bazzi vs. EDX's Ibiza Sunrise Remix;Bazzi vs.;dance pop;2018;122;86;69;-4;24;45;188;6;9;56
I Lost You;Dylan Scott;contemporary country;2017;130;61;50;-7;8;30;218;36;3;56
Broken;Lifehouse;alternative metal;2007;131;71;53;-6;19;49;286;9;4;56
If Everyone Cared;Nickelback;alternative metal;2005;132;87;52;-4;26;20;215;0;4;56
Je T’aime;Lara Fabian;french pop;1997;107;44;38;-7;13;15;261;75;3;56
Shirtsleeves;Ed Sheeran;pop;2014;107;76;75;-5;34;75;190;32;3;56
Turning Out;AJR;modern rock;2017;97;52;61;-6;14;46;261;17;4;56
Gotta Get Up - As heard in the Netflix series Russian Doll;Harry Nilsson;art rock;1971;175;44;42;-15;8;92;145;6;5;56
Dessert;Dawin;nyc pop;2015;97;73;87;-5;4;77;211;8;4;55
Big Girls Cry;Sia;australian dance;2015;162;59;47;-5;11;9;211;4;4;55
Together;The xx;downtempo;2013;96;32;60;-9;10;11;326;44;2;55
Honeymoon;Lana Del Rey;art pop;2015;75;27;17;-13;11;17;350;95;4;55
Family Portrait;P!nk;dance pop;2001;92;69;76;-5;57;73;297;3;5;55
Cola;CamelPhat;deep groove house;2017;122;74;71;-8;14;44;224;2;3;55
High Hopes;Kodaline;irish pop;2013;77;49;49;-6;19;22;230;58;3;55
Dare (La La La);Shakira;colombian pop;2014;128;73;79;-5;9;62;187;6;7;55
Rodeo Clowns;Jack Johnson;neo mellow;2003;91;83;85;-6;8;77;158;21;11;55
Под гипнозом;Artik & Asti;russian dance pop;2019;115;74;77;-5;26;29;209;25;15;54
Прятки;HammAli & Navai;russian dance pop;2019;72;56;63;-7;11;22;193;69;4;54
Everybody's Changing;Keane;neo mellow;2004;94;84;52;-4;10;46;215;0;3;54
Electric Shock;f(x);k-pop;2012;125;90;76;-2;49;54;197;9;3;54
Los Angeles;Sugarcult;emo;2006;155;82;51;-5;9;60;238;0;5;54
"Feel The Light - From The ""Home"" Soundtrack";Jennifer Lopez;dance pop;2015;156;60;47;-6;9;4;292;33;5;54
Carnival of Rust;Poets of the Fall;alternative metal;2006;91;59;49;-5;10;12;263;23;2;54
Book Of Love (feat. Polina);Felix Jaehn;dance pop;2018;125;84;67;-5;26;45;198;15;3;54
Wonderful Life;Hurts;metropopolis;2011;120;84;70;-7;18;41;254;17;6;54
Stay;Hurts;metropopolis;2011;156;72;45;-8;28;30;235;2;5;54
Drunk Groove;MARUV;eurovision;2017;112;64;86;-7;37;73;227;1;6;54
Frozen;Madonna;dance pop;2009;108;74;59;-8;18;29;379;51;3;54
Потрачу;Егор Крид;russian hip hop;2017;80;66;64;-5;34;43;185;10;11;53
Only Girl (In The World);Rihanna;barbadian pop;2010;126;71;79;-4;6;63;235;11;4;53
Terrence Loves You;Lana Del Rey;art pop;2015;102;25;30;-10;10;9;291;98;3;53
No Grass Today;AJR;modern rock;2017;92;55;70;-5;47;58;259;23;4;53
Objection (Tango);Shakira;colombian pop;2001;179;86;60;-5;2;71;223;1;7;52
Stereo Love;Edward Maya;dance pop;2013;127;78;78;-5;8;36;248;3;4;52
Миллион алых роз;Егор Крид;russian hip hop;2018;92;76;41;-6;10;37;191;1;13;52
Самая самая;Егор Крид;russian hip hop;2015;126;66;72;-6;33;72;231;1;5;52
Мама, я танцую;#2Маши;russian dance pop;2018;128;75;73;-5;11;14;252;4;22;52
Brain;BANKS;alternative r&b;2014;90;49;53;-9;13;8;282;27;3;52
Lay It All on Me;Rudimental;dance pop;2015;123;75;67;-7;19;48;242;14;4;52
All This Time;OneRepublic;dance pop;2009;145;37;41;-11;11;11;243;43;3;52
Stop;Sam Brown;british soul;1988;186;30;33;-14;14;39;296;44;5;52
Туманы;Макс Барских;russian dance pop;2016;123;64;75;-6;22;53;206;23;6;51
Broken Ones;Jacquie;;2014;148;72;45;-4;13;21;229;6;5;51
Livin' in a World Without You;The Rasmus;funk metal;2008;101;88;59;-5;47;42;230;1;4;51
California Dreaming (feat. Paul Rey);Arman Cekin;bass trap;2016;100;75;71;-7;13;10;186;53;4;51
Far Away;Nickelback;alternative metal;2005;133;80;52;-5;11;29;238;0;3;51
"Your Song - From ""Moulin Rouge"" Soundtrack";Ewan McGregor;hollywood;2001;133;33;28;-9;11;26;219;52;4;51
A Million on My Soul;Alexiane;;2017;85;87;63;-5;8;48;247;4;4;51
Номер 1;Artik & Asti;russian dance pop;2017;125;90;69;-7;14;66;179;26;5;50
Anywhere;Passenger;folk-pop;2016;105;64;59;-6;9;81;216;10;3;50
Geek in the Pink;Jason Mraz;acoustic pop;2005;92;75;67;-4;4;90;236;37;8;50
Come Home;OneRepublic;dance pop;2007;75;16;52;-12;10;16;262;95;3;50
Heavy;Anne-Marie;dance pop;2017;133;58;46;-5;11;50;173;28;8;50
Reality;Lost Frequencies;belgian edm;2016;122;64;73;-7;8;53;158;2;4;50
Angels;Robbie Williams;europop;1999;150;59;44;-7;10;25;266;15;3;50
"El Tango De Roxanne - From ""Moulin Rouge"" Soundtrack";José Feliciano;latin pop;2001;129;47;32;-8;22;19;284;52;5;50
King of Sorrow;Sade;british soul;2000;82;42;72;-10;7;38;293;38;4;50
Can I Get Your Number;Anne-Marie;dance pop;2018;103;83;72;-5;16;55;200;13;5;50
We All Fall In Love Sometimes;Coldplay;permanent wave;2018;91;8;37;-16;12;15;240;97;3;50
Номер 1;Artik & Asti;russian dance pop;2017;125;90;69;-7;14;66;179;26;5;50
Anywhere;Passenger;folk-pop;2016;105;64;59;-6;9;81;216;10;3;50
Geek in the Pink;Jason Mraz;acoustic pop;2005;92;75;67;-4;4;90;236;37;8;50
Come Home;OneRepublic;dance pop;2007;75;16;52;-12;10;16;262;95;3;50
Heavy;Anne-Marie;dance pop;2017;133;58;46;-5;11;50;173;28;8;50
Reality;Lost Frequencies;belgian edm;2016;122;64;73;-7;8;53;158;2;4;50
Angels;Robbie Williams;europop;1999;150;59;44;-7;10;25;266;15;3;50
"El Tango De Roxanne - From ""Moulin Rouge"" Soundtrack";José Feliciano;latin pop;2001;129;47;32;-8;22;19;284;52;5;50
King of Sorrow;Sade;british soul;2000;82;42;72;-10;7;38;293;38;4;50
Can I Get Your Number;Anne-Marie;dance pop;2018;103;83;72;-5;16;55;200;13;5;50
We All Fall In Love Sometimes;Coldplay;permanent wave;2018;91;8;37;-16;12;15;240;97;3;50
Read All About It, Pt. III;Emeli Sandé;dance pop;2012;98;44;63;-7;9;34;285;82;3;49
Босая;#2Маши;russian dance pop;2017;124;68;89;-5;55;67;203;17;15;49
Sky;Sonique;;2000;143;76;61;-7;15;73;267;8;3;49
Levels - Radio Edit;Avicii;big room;2016;126;89;58;-6;29;47;202;5;3;49
Broken Vow;Lara Fabian;french pop;2000;73;28;16;-10;12;14;315;96;4;49
Adagio;Lara Fabian;french pop;2000;129;39;33;-10;11;7;267;28;3;49
Always Somewhere;Scorpions;album rock;1979;114;37;51;-12;11;19;298;8;3;49
Твои глаза;LOBODA;russian dance pop;2016;122;76;70;-6;20;56;234;3;5;49
Bosco;Placebo;alternative rock;2013;176;49;37;-8;9;15;403;22;3;48
Insatiable;Darren Hayes;australian pop;2002;144;85;67;-5;8;85;310;10;5;48
Another Lonely Night;Adam Lambert;dance pop;2015;181;67;45;-6;7;12;226;6;7;48
Hey Mama (feat. Nicki Minaj, Bebe Rexha & Afrojack);David Guetta;dance pop;2015;86;73;60;-4;33;53;193;24;15;48
Kings And Queens Of Summer;Matstubs;bass trap;2017;110;71;81;-6;16;35;188;34;11;47
Solo (feat. Demi Lovato) - Acoustic;Clean Bandit;dance pop;2018;105;50;64;-6;21;64;225;78;3;47
Где ты, где я;Тимати;russian dance pop;2016;84;75;64;-6;5;69;283;29;7;47
Dragostea Din Tei;O-Zone;bubblegum dance;2002;130;97;81;-4;7;71;214;16;4;47
I Know;Irma;french pop;2011;100;49;75;-7;12;55;182;68;3;47
Stupid In Love;Rihanna;barbadian pop;2009;127;56;74;-5;10;48;241;63;3;47
Anastasia;Slash;hard rock;2012;101;94;44;-5;12;48;367;0;4;47
SuperSTAR;LOBODA;russian dance pop;2018;118;83;74;-4;9;44;195;9;14;47
Things We Lost In The Fire;Bastille;metropopolis;2013;134;92;59;-5;27;63;241;6;6;47
Забудешь;Artik & Asti;russian dance pop;2019;120;79;71;-6;56;69;210;23;12;46
Clown;Emeli Sandé;dance pop;2012;119;26;46;-8;11;23;221;92;4;46
Cold;Aqualung;piano rock;2011;105;13;26;-14;16;8;220;98;3;46
Hula Hoop;OMI;dance pop;2015;122;84;67;-5;30;57;205;3;4;46
Little Love;De Hofnar;deep house;2017;120;73;83;-7;13;33;210;5;5;46
Twice;Christina Aguilera;dance pop;2018;75;31;59;-5;8;32;242;92;4;46
You'll See;Madonna;dance pop;1995;90;55;60;-10;10;23;281;48;3;46
INSTADRAMA;LOBODA;russian dance pop;2018;115;83;69;-5;11;52;222;11;5;46
"""The Take Over, The Breaks Over""";Fall Out Boy;emo;2007;150;92;61;-3;8;67;214;1;5;45
Plane;Jason Mraz;acoustic pop;2005;120;45;61;-7;11;34;314;63;4;45
Turn to Stone;Ingrid Michaelson;acoustic pop;2009;111;18;37;-10;15;32;276;79;4;45
Rockabye (feat. Sean Paul & Anne-Marie);Clean Bandit;dance pop;2018;102;76;72;-4;44;77;250;41;5;45
Nothing On You (feat. Paulo Londra & Dave);Ed Sheeran;pop;2019;88;65;75;-6;17;84;201;33;22;45
Figure It Out;Jovani;lithuanian pop;2019;100;78;67;-4;16;48;217;14;3;44
С ней;Миша Марвин;russian dance pop;2018;77;68;54;-4;9;12;203;4;4;44
Hush Hush;The Pussycat Dolls;dance pop;2008;131;61;73;-6;34;50;228;18;5;44
Lacrymosa;Evanescence;alternative metal;2017;137;65;32;-6;11;33;223;76;6;44
A Million Voices;Полина Гагарина;eurovision;2015;76;66;43;-4;17;32;180;18;3;44
Can't Pretend;Tom Odell;neo mellow;2013;80;47;45;-9;12;29;218;28;3;44
Don't Leave Me Alone (feat. Anne-Marie);David Guetta;dance pop;2018;128;60;69;-8;11;54;184;17;5;43
October & April;The Rasmus;funk metal;2009;132;46;54;-7;7;28;233;41;3;43
Over The Love;Florence + The Machine;art pop;2013;140;46;48;-8;20;24;261;51;3;43
Exs And Ohs;The Nicol Kings;;2015;140;92;70;-6;35;49;261;1;4;43
Сопрано;Мот;russian dance;2017;105;67;65;-5;46;61;209;10;5;43
Мне не нужны;Artik & Asti;russian dance pop;2019;130;69;70;-6;18;34;231;49;4;42
When You Tell Me That You Love Me;Diana Ross;adult standards;1991;78;41;49;-12;13;21;251;4;3;42
Сколько лет;Мот;russian dance;2019;130;69;64;-4;34;45;223;27;3;42
Красное белое;#2Маши;russian dance pop;2018;120;56;84;-7;8;46;231;12;15;42
Who's loving you? (feat. Anastacia);Auryn;latin viral pop;2015;93;72;75;-4;16;74;219;3;3;42
Вахтерам;Бумбокс;russian hip hop;2006;90;82;67;-5;9;86;241;24;26;42
River;Ibeyi;cuban alternative;2015;154;29;65;-13;11;10;252;10;47;42
Lorelei;Scorpions;album rock;2010;132;52;49;-6;13;12;273;19;3;42
Драмы больше нет;Полина Гагарина;eurovision;2017;126;85;77;-4;30;80;194;10;4;42
Выше головы;Полина Гагарина;eurovision;2018;122;45;66;-6;12;13;238;57;4;42
Вдвоём (feat. Максим Фадеев);Наргиз;russian dance pop;2016;140;66;53;-5;11;34;213;2;3;42
No Me Sueltes;Daniel Santacruz;bachata;2014;124;87;76;-4;19;89;210;68;4;42
Rule The World - Radio Edit;Take That;boy band;2007;164;77;36;-4;35;35;238;4;3;41
Learning To Breathe;Switchfoot;ccm;2000;156;91;52;-4;30;50;275;0;3;41
Хлопья летят наверх;Feduk;russian hip hop;2018;138;17;63;-14;11;17;263;97;4;41
Beautiful Birds (feat. Birdy);Passenger;folk-pop;2016;86;18;32;-12;12;15;214;91;3;41
Между нами любовь;SEREBRO;russian dance pop;2017;96;84;88;-3;8;42;191;36;13;41
случайная;LOBODA;russian dance pop;2017;125;92;61;-5;13;51;233;6;7;41
Выхода нет;Сплин;classic russian rock;1998;85;82;58;-8;10;64;228;1;5;40
Don't Be So Shy - Filatov & Karas Remix;Imany;french indie pop;2016;120;81;77;-10;39;92;191;4;6;40
Altyn;Tatarka;russian hip hop;2016;120;57;85;-9;11;55;184;5;7;40
Мотылёк;Макс Корж;russian hip hop;2013;150;81;78;-4;12;9;237;56;46;40
Truth To Power;OneRepublic;dance pop;2017;146;37;36;-9;22;28;205;74;3;40
Maybe;Brainstorm;latvian indie;2003;78;73;66;-7;6;89;240;14;4;40
Humanity;Scorpions;album rock;2007;89;70;39;-4;7;35;327;1;4;40
Спектакль окончен;Полина Гагарина;eurovision;2013;128;96;63;-3;15;43;240;15;11;40
Fight Back with Love Tonight;Kush Kush;german dance;2017;105;61;63;-6;11;57;206;12;8;39
Пьяное солнце;ALEKSEEV;eurovision;2016;106;65;58;-6;25;32;217;16;3;39
Sweet Dreams;Beyoncé;dance pop;2008;122;83;69;-6;6;79;208;9;11;39
Open Up;Matt Simons;dutch pop;2019;81;71;63;-5;15;79;168;12;6;38
Sleep;Poets of the Fall;alternative metal;2005;164;33;38;-10;23;19;299;87;3;38
Молитва;Би-2;belarusian pop;2012;140;62;55;-6;15;21;338;18;3;38
Hollywood;Madonna;dance pop;2009;126;58;64;-8;7;55;262;5;3;38
Колыбельная;Полина Гагарина;eurovision;2018;160;72;38;-6;10;45;211;27;11;38
Домофон;TERNOVOY;russian dance;2018;160;56;63;-7;10;44;194;53;28;38
Как ты там;ALEKSEEV;eurovision;2019;113;66;62;-5;8;23;233;25;3;37
Ты Так Красива;Quest Pistols;russian pop;2013;136;53;66;-6;31;78;173;6;3;37
Confide in Me - Radio Mix;Kylie Minogue;australian dance;2019;103;74;57;-7;8;54;266;3;4;37
Жестокая любовь;Филипп Киркоров;classic russian pop;2002;120;64;58;-7;36;24;226;69;4;36
You're Not From Here;Lara Fabian;french pop;2000;131;33;34;-8;8;8;289;87;3;36
I Sing I Swim;Seabear;icelandic indie;2007;120;47;60;-8;8;35;220;80;3;36
No Degree of Separation - Eurovision Version;Francesca Michielin;italian arena pop;2016;150;78;29;-4;17;34;188;2;4;36
Chasing Stars;Rupert Pope;;2016;110;65;57;-7;11;10;209;24;3;36
Навсегда;ALEKSEEV;eurovision;2017;116;74;33;-6;11;36;226;22;4;36
Shape;Sugababes;bubblegum dance;2002;84;70;65;-7;10;72;250;13;9;36
Ангелы в танце;Полина Гагарина;eurovision;2019;114;77;75;-3;15;35;197;35;5;36
40 градусов;LOBODA;russian dance pop;2013;125;81;59;-4;10;40;267;17;4;36
Ненавижу;Миша Марвин;russian dance pop;2016;120;52;84;-6;65;22;186;1;4;35
Any Other World;MIKA;dance pop;2007;132;25;51;-12;12;27;259;86;3;35
Если ты меня не любишь;Егор Крид;russian hip hop;2017;96;68;79;-5;17;60;207;7;9;35
Her Name is Alice;Shinedown;alternative metal;2010;190;70;38;-5;11;15;219;2;4;35
Романс;Сплин;classic russian rock;2013;185;27;47;-14;11;43;151;89;3;35
В комнате цветных пелерин;Мария Чайковская;ukrainian pop;2015;85;13;64;-13;15;31;172;88;5;35
Серебро;Би-2;belarusian pop;2000;170;73;43;-4;7;30;277;12;3;35
After You;Louise Dowd;rebel blues;2016;106;50;25;-9;10;9;174;56;3;35
Всё решено;Elvira T;russian dance pop;2013;92;75;66;-6;12;71;217;54;4;34
Романс;Пицца;russian dance pop;2016;150;65;78;-5;10;71;233;49;17;34
Drop It Low;Kat Deluna;dance pop;2011;128;79;74;-5;7;28;226;0;4;34
Wicked;Veronica Vega;rap latina;2014;140;92;48;-3;36;82;248;5;31;34
к черту любовь;LOBODA;russian dance pop;2017;100;65;63;-6;8;58;212;2;5;34
Чувствую душой;ALEKSEEV;eurovision;2016;105;75;60;-7;44;46;220;8;3;33
Самба белого мотылька;Егор Крид;russian hip hop;2017;110;56;68;-7;8;27;186;10;3;33
What Time Is It;High School Musical Cast;dance pop;2007;122;95;65;-4;4;76;236;1;7;33
The Future Never Dies;Scorpions;album rock;2007;139;64;35;-4;12;12;244;8;3;33
Big Bad World;Kodaline;irish pop;2013;115;84;53;-6;38;34;262;0;3;33
San Francisco;Stu Larsen;indie anthem-folk;2014;84;42;48;-11;10;26;247;42;4;33
Confessa - Remastered;Adriano Celentano;classic italian pop;2018;120;41;59;-8;5;19;310;6;3;33
Home;Passenger;folk-pop;2016;149;51;33;-7;8;7;349;11;5;33
Красиво;Валерий Меладзе;classic russian pop;2002;120;88;60;-7;7;54;285;7;4;33
Орлы или вороны;Григорий Лепс;russian dance pop;2017;152;80;34;-5;21;38;207;4;7;33
Ты не такой;Юлианна Караулова;russian dance pop;2017;98;69;79;-6;6;70;197;10;5;32
Ее глаза (из Шекспира);Би-2;belarusian pop;2012;80;62;27;-8;18;20;293;12;3;32
Весна - Правильная Версия;5'nizza;classic russian rock;2015;91;23;64;-15;11;63;260;88;36;32
Такси;Elvira T;russian dance pop;2016;77;43;51;-8;10;70;249;76;6;32
Radio;Beyoncé;dance pop;2008;136;76;61;-6;8;55;219;13;8;32
Не молчи;Дима Билан;eurovision;2016;100;64;52;-6;34;31;233;13;4;31
Солнце;Ани Лорак;russian dance pop;2009;148;39;52;-14;17;19;214;43;3;31
Шопен;Елена Ваенга;bard;2006;127;28;45;-11;11;28;236;92;4;31
Я не отступлю;Бьянка;belarusian pop;2014;178;44;51;-7;10;63;191;27;6;31
Singularity;Red;alternative metal;2017;80;59;15;-8;41;10;311;4;4;31
When You Told Me You Loved Me;Jessica Simpson;dance pop;2001;112;35;65;-9;11;25;228;48;3;31
After the Fall;Kodaline;irish pop;2013;131;78;44;-5;11;8;216;0;3;31
Океанами стали;ALEKSEEV;eurovision;2016;118;70;63;-5;23;20;233;14;3;31
Maybe I Maybe You;Scorpions;album rock;2004;90;45;30;-7;11;16;210;57;3;31
Лети;LOBODA;russian dance pop;2018;135;70;54;-5;11;19;184;19;5;31
Нежность моя;Валерия;classic russian pop;2015;114;84;62;-6;6;43;218;32;4;30
Love Is All;Marc Anthony;latin;1999;116;61;56;-4;7;18;270;20;3;30
I'm Still Breathing;Katy Perry;dance pop;2008;180;69;46;-5;11;67;229;7;9;30
Мой рок-н-ролл;Би-2;belarusian pop;2015;124;33;51;-12;39;14;383;57;4;30
Sedmoj lepestok (Седьмой лепесток);Hi-Fi;classic russian pop;2009;126;94;64;-7;39;91;191;11;3;30
Ветер;Brainstorm;latvian indie;2006;202;74;37;-5;8;35;233;21;7;30
Собирай меня;Артем Пивоваров;russian dance pop;2015;80;59;45;-8;11;22;234;48;8;30
Siempre Te Amare;Daniel Santacruz;bachata;2014;128;81;81;-3;12;93;203;49;4;30
Вылечусь;Бьянка;belarusian pop;2017;100;33;79;-7;10;51;175;34;5;29
Я останусь;Егор Крид;russian hip hop;2015;99;61;69;-5;15;27;201;63;4;29
A Little Party Never Killed Nobody (All We Got);Fergie;dance pop;2013;130;64;75;-5;9;51;241;1;17;29
Prostit'sya (Проститься);Уматурман;russian pop;2008;130;53;58;-9;14;34;300;48;4;29
Lifelines - 2016 Remaster;a-ha;dance rock;2016;80;82;44;-7;36;42;256;0;4;28
Моё море;Noize MC;russian hip hop;2009;95;67;77;-6;11;48;147;63;4;28
Внеорбитные;Юлианна Караулова;russian dance pop;2017;81;56;41;-6;16;36;183;11;4;27
Babylon;OMI;dance pop;2015;140;90;75;-6;21;86;204;2;3;27
Start All Over Again;Dave Koz;jazz saxophone;2010;138;44;55;-8;15;9;270;5;3;27
Obsession - Radio Edit;Consoul Trainin;arab electronic;2017;122;83;70;-5;8;48;182;36;5;27
Рассыпая серебро;Максим Фадеев;russian dance pop;2018;164;88;54;-3;26;70;217;1;6;27
Red Blooded Woman;Kylie Minogue;australian dance;2019;139;78;70;-6;38;85;260;6;3;27
Двое не спят;Сплин;classic russian rock;2013;99;17;59;-15;11;43;204;93;4;26
Абсолютно всё (feat. Мот);Бьянка feat. Мот;;2016;154;60;43;-7;15;38;186;5;5;26
Притяженья больше нет;Валерий Меладзе;classic russian pop;2014;95;60;62;-7;10;36;272;18;3;26
Часы;Дима Билан;eurovision;2016;134;63;66;-6;9;68;180;37;3;25
Düm Tek Tek;Hadise;turkish pop;2009;115;97;75;-4;8;87;183;13;6;25
Mademoiselle Hyde;Lara Fabian;french pop;2010;126;49;47;-10;8;23;240;65;3;24
Забери меня;Мария Чайковская;ukrainian pop;2011;163;20;36;-10;11;10;215;94;4;24
Одно и то же;IOWA;belarusian pop;2016;125;42;37;-7;15;28;219;67;5;24
Ready to Go;Hurts;metropopolis;2017;102;92;63;-4;64;57;166;6;5;24
Скажи как мне жить;Интонация;;2014;164;71;70;-9;44;96;207;19;19;23
Нитью;Мария Чайковская;ukrainian pop;2015;79;12;49;-14;14;15;183;91;7;23
Sweet People;Alyosha;ukrainian pop;2017;120;41;63;-6;14;12;180;72;4;23
Океан и три реки;Валерий Меладзе;classic russian pop;2005;95;87;62;-5;37;71;221;12;7;23
My Redemption;Upstates;;2018;78;59;58;-9;11;43;173;61;6;22
Demain n'existe pas;Lara Fabian;french pop;2010;115;38;45;-11;18;9;276;62;3;22
Kеды;Бьянка;belarusian pop;2016;106;59;67;-4;12;30;180;80;3;22
This Pleasure Needs Pain (Unsympathy) - Radio Edit;Ådå;;2016;124;84;47;-5;24;13;178;38;9;22
Оркестр;Сплин;classic russian rock;2014;140;77;68;-6;27;80;252;9;3;21
Black Black Heart;David Usher;grunge pop;2010;90;26;63;-12;10;51;208;78;3;21
Tell Me Why;LaFee;german pop;2008;95;24;52;-11;11;24;269;79;3;20
Snow in December;Arilena Ara;;2017;127;47;46;-6;15;27;150;64;5;20
Falling;Trevor Daniel;alternative r&b;2018;127;43;78;-9;9;24;159;12;4;97
Memories;Maroon 5;pop;2019;91;32;76;-7;8;57;189;84;5;97
everything i wanted;Billie Eilish;electropop;2019;120;23;70;-14;11;24;245;90;10;96
bad guy;Billie Eilish;electropop;2019;135;43;70;-11;10;56;194;33;38;95
Someone You Loved;Lewis Capaldi;pop;2019;110;41;50;-6;11;45;182;75;3;93
Señorita;Shawn Mendes;canadian pop;2019;117;54;76;-6;9;75;191;4;3;92
Dance Monkey;Tones and I;australian pop;2019;98;59;82;-6;15;51;209;69;9;91
Trampoline (with ZAYN);SHAED;electropop;2019;127;46;62;-6;14;50;184;56;3;89
lovely (with Khalid);Billie Eilish;electropop;2018;115;30;35;-10;10;12;200;93;3;89
7 rings;Ariana Grande;dance pop;2019;140;32;78;-11;9;33;179;59;33;89
I Don't Care (with Justin Bieber);Ed Sheeran;pop;2019;102;68;80;-5;9;84;220;9;4;89
Beautiful People (feat. Khalid);Ed Sheeran;pop;2019;93;65;64;-8;8;55;198;12;19;88
Believer;Imagine Dragons;modern rock;2017;125;78;78;-4;8;67;204;6;13;87
Sucker;Jonas Brothers;boy band;2019;138;73;84;-5;11;95;181;4;6;87
Without Me;Halsey;dance pop;2018;136;49;75;-7;9;53;202;30;7;87
all the good girls go to hell;Billie Eilish;electropop;2019;185;44;73;-9;18;57;169;28;37;86
Sweet but Psycho;Ava Max;dance pop;2018;133;70;72;-5;17;63;187;7;5;86
thank u, next;Ariana Grande;dance pop;2019;107;65;72;-6;10;41;207;23;7;86
Perfect;Ed Sheeran;pop;2017;95;45;60;-6;11;17;263;16;2;86
Takeaway;The Chainsmokers;electropop;2019;100;51;53;-8;10;35;210;13;3;85
Calma - Remix;Pedro Capó;latin;2018;127;77;83;-4;14;76;238;32;5;85
Take What You Want (feat. Ozzy Osbourne & Travis Scott);Post Malone;dfw rap;2019;140;80;50;-3;15;27;230;9;5;85
Can We Kiss Forever?;Kina;pop;2018;110;13;52;-19;9;12;188;89;4;85
High Hopes;Panic! At The Disco;baroque pop;2018;82;90;58;-3;6;68;191;19;6;85
Let Me Down Slowly;Alec Benjamin;pop;2018;150;56;65;-6;12;48;169;74;3;85
Thunder;Imagine Dragons;modern rock;2017;168;82;61;-5;15;29;187;1;4;85
All of Me;John Legend;neo mellow;2013;120;26;42;-7;13;33;270;92;3;85
Shape of You;Ed Sheeran;pop;2017;96;65;83;-3;9;93;234;58;8;85
Lover;Taylor Swift;dance pop;2019;69;54;36;-8;12;45;221;49;9;84
ME! (feat. Brendon Urie of Panic! At The Disco);Taylor Swift;dance pop;2019;182;83;61;-4;12;73;193;3;6;84
Closer (feat. Halsey);The Chainsmokers;electropop;2016;95;52;75;-6;11;66;245;41;3;84
boyfriend (with Social House);Ariana Grande;dance pop;2019;190;80;40;-4;16;70;186;12;46;83
Africa;TOTO;album rock;1982;93;37;67;-18;5;73;296;26;3;83
I Like It;Cardi B;pop;2018;136;73;82;-4;37;65;253;10;13;83
Wake Me Up;Avicii;big room;2013;124;78;53;-6;16;64;247;0;5;83
Bad Liar;Imagine Dragons;modern rock;2018;178;64;38;-7;37;8;261;7;7;83
Post Malone (feat. RANI);Sam Feldt;edm;2019;107;64;59;-4;11;65;174;8;12;83
The Scientist;Coldplay;permanent wave;2002;146;44;56;-7;11;21;310;73;2;83
Havana (feat. Young Thug);Camila Cabello;dance pop;2018;105;52;77;-4;13;39;217;18;3;83
Be Alright;Dean Lewis;australian pop;2018;127;59;55;-6;8;44;196;70;4;83
no tears left to cry;Ariana Grande;dance pop;2018;122;71;70;-6;29;35;206;4;6;82
Taki Taki (with Selena Gomez, Ozuna & Cardi B);DJ Snake;electronic trap;2018;96;80;84;-4;6;62;213;16;23;82
Stressed Out;Twenty One Pilots;modern rock;2015;170;64;73;-6;6;65;202;5;14;82
Natural;Imagine Dragons;modern rock;2018;100;61;70;-6;8;22;189;22;4;82
Treat You Better;Shawn Mendes;canadian pop;2017;83;82;44;-4;11;75;188;11;34;82
Take on Me;a-ha;dance rock;1985;84;90;57;-8;9;88;225;2;5;82
2002;Anne-Marie;dance pop;2018;96;68;70;-3;14;60;187;4;12;82
FRIENDS;Marshmello;brostep;2018;95;88;63;-2;13;53;203;21;5;82
So Am I;Ava Max;dance pop;2019;130;66;68;-5;35;61;183;7;4;82
Something Just Like This;The Chainsmokers;electropop;2017;103;64;62;-7;16;45;247;5;3;82
Happier;Ed Sheeran;pop;2017;90;39;52;-7;14;24;208;54;3;82
Dancing On My Own;Calum Scott;pop;2018;113;17;68;-9;10;24;260;84;3;82
Shut Up and Dance;WALK THE MOON;indie pop;2014;128;87;58;-4;26;62;199;1;6;81
Attention;Charlie Puth;dance pop;2018;100;61;78;-5;13;80;209;11;5;81
Scared to Be Lonely;Martin Garrix;big room;2017;138;54;58;-8;26;20;221;9;6;81
Juice;Lizzo;escape room;2019;120;89;77;-3;40;84;195;1;10;81
Dusk Till Dawn - Radio Edit;ZAYN;dance pop;2017;180;44;26;-7;11;10;239;10;4;81
Uptown Funk;Mark Ronson;dance pop;2015;115;61;86;-7;3;93;270;1;8;81
Creep;Radiohead;alternative rock;1993;92;43;52;-10;13;10;239;1;4;81
Whatever It Takes;Imagine Dragons;modern rock;2017;135;66;67;-5;12;56;201;4;3;81
When I Was Your Man;Bruno Mars;pop;2012;73;28;61;-9;9;39;214;93;4;81
Yellow;Coldplay;permanent wave;2000;173;66;43;-7;23;28;267;0;3;81
"Fire On Fire - From ""Watership Down""";Sam Smith;pop;2018;115;41;58;-7;18;34;247;48;5;81
Ritual;Tiësto;big room;2019;115;73;65;-4;8;77;199;16;6;81
Silence;Marshmello;brostep;2017;142;76;52;-3;17;29;181;26;9;80
Look Back at It;A Boogie Wit da Hoodie;melodic rap;2018;96;59;79;-5;15;54;179;41;4;80
Sorry;Justin Bieber;canadian pop;2015;100;76;65;-4;30;41;201;8;5;80
Sorry Not Sorry;Demi Lovato;dance pop;2017;144;64;71;-7;26;89;204;2;23;80
Sweater Weather;The Neighbourhood;modern alternative rock;2013;124;81;61;-3;10;40;240;5;3;80
Heaven;Avicii;big room;2019;122;87;59;-6;14;52;277;7;3;80
Without You (feat. Sandro Cavazza);Avicii;big room;2017;134;86;66;-5;5;30;182;0;4;80
Cake By The Ocean;DNCE;dance pop;2016;119;75;77;-5;4;90;219;15;5;80
i hate u, i love u (feat. olivia o'brien);gnash;pop;2016;93;28;49;-13;10;18;251;69;30;80
Just Give Me a Reason (feat. Nate Ruess);P!nk;dance pop;2012;95;55;78;-7;13;44;243;35;5;80
Sugar;Maroon 5;pop;2015;120;79;75;-7;9;88;235;6;3;80
Don't Let Me Down;The Chainsmokers;electropop;2016;160;87;53;-5;14;42;208;16;17;80
So Close;NOTD;dance pop;2018;125;87;70;-6;10;76;190;12;7;79
One Last Time;Ariana Grande;dance pop;2014;125;59;63;-5;10;10;197;9;3;79
Centuries;Fall Out Boy;emo;2015;176;86;39;-3;10;56;228;0;7;79
I'm a Mess;Bebe Rexha;dance pop;2018;97;69;63;-6;7;22;196;0;3;79
A Thousand Years;Christina Perri;dance pop;2011;139;41;42;-7;11;16;285;31;3;79
This Is What You Came For;Calvin Harris;dance pop;2016;124;93;63;-3;15;47;222;20;3;79
Despacito;Luis Fonsi;latin;2019;178;80;66;-5;7;84;229;20;15;79
Hips Don't Lie (feat. Wyclef Jean);Shakira;colombian pop;2005;100;82;78;-6;41;76;218;28;7;79
Otherside;Red Hot Chili Peppers;alternative rock;1999;123;80;46;-3;8;51;255;0;6;78
Kiss and Make Up;Dua Lipa;dance pop;2018;100;73;68;-4;30;64;189;7;14;78
Into You;Ariana Grande;dance pop;2016;108;73;62;-6;14;37;244;2;11;78
Summer;Calvin Harris;dance pop;2014;128;86;60;-4;14;74;223;2;3;78
Waiting For Love;Avicii;big room;2015;128;74;58;-4;20;61;231;31;5;78
Someone Like You;Adele;british soul;2011;135;33;56;-8;10;28;285;89;3;78
Toxic;Britney Spears;dance pop;2003;143;84;77;-4;24;92;199;2;11;78
Bad Romance;Lady Gaga;dance pop;2009;119;92;70;-4;8;71;295;0;4;78
Million Reasons;Lady Gaga;dance pop;2016;130;42;67;-8;11;15;205;49;4;78
Viva La Vida;Coldplay;permanent wave;2008;138;62;49;-7;11;42;242;9;3;78
Love Me Less (feat. Quinn XCII);MAX;dance pop;2019;145;86;73;-2;32;77;178;8;9;78
American Boy;Estelle;r&b;2008;118;73;73;-3;7;51;285;17;33;78
Supermarket Flowers;Ed Sheeran;pop;2017;90;24;59;-11;9;26;221;91;4;78
Castle on the Hill;Ed Sheeran;pop;2017;135;83;46;-5;14;47;261;2;10;78
Cradles;Sub Urban;;2019;79;59;53;-2;18;63;210;26;33;77
Sucker For Pain (with Wiz Khalifa, Imagine Dragons, Logic & Ty Dolla $ign feat. X Ambassadors);Lil Wayne;hip hop;2016;169;79;50;-4;65;74;243;26;32;77
Mr. Brightside;The Killers;modern rock;2004;148;92;36;-4;10;23;223;0;8;77
Stone Cold;Demi Lovato;dance pop;2015;140;45;42;-8;10;36;191;54;4;77
Roar;Katy Perry;dance pop;2013;180;77;55;-5;35;46;224;0;4;77
Dark Horse;Katy Perry;dance pop;2013;132;59;65;-6;17;35;216;0;5;77
Human;Rag'n'Bone Man;neo soul;2017;75;71;60;-4;17;55;200;39;30;77
Say Something;A Great Big World;neo mellow;2014;141;15;41;-9;9;8;229;86;4;77
Halo;Beyoncé;dance pop;2008;80;72;51;-6;6;47;262;27;6;77
A Sky Full of Stars;Coldplay;permanent wave;2014;125;64;55;-7;22;15;268;1;3;77
Paradise;Coldplay;permanent wave;2011;140;59;45;-7;8;20;279;5;3;77
Symphony (feat. Zara Larsson);Clean Bandit;dance pop;2017;123;63;71;-5;14;46;212;26;6;77
What's Up?;4 Non Blondes;new wave pop;1992;134;56;56;-10;11;45;296;16;3;77
Swalla (feat. Nicki Minaj & Ty Dolla $ign);Jason Derulo;dance pop;2017;98;82;70;-4;19;78;216;8;11;76
Slow Hands;Niall Horan;dance pop;2017;86;43;74;-7;6;85;188;1;5;76
Lie To Me (feat. Julia Michaels);5 Seconds of Summer;boy band;2018;160;52;61;-5;11;77;150;1;3;76
Naked;James Arthur;pop;2017;102;61;53;-7;6;24;234;10;6;76
Shout Out to My Ex;Little Mix;dance pop;2017;126;75;77;-4;11;80;246;2;9;76
Me And My Broken Heart;Rixton;dance pop;2014;174;78;55;-4;13;55;194;0;3;76
When You Love Someone;James TW;neo mellow;2019;126;45;68;-6;5;35;217;26;3;76
Sorry;Halsey;dance pop;2017;74;25;51;-9;12;35;221;91;4;76
My Way;Calvin Harris;dance pop;2016;120;91;82;-3;16;54;219;9;4;76
No Lie;Sean Paul;dance pop;2018;102;88;74;-3;21;46;221;5;12;76
Secrets;OneRepublic;dance pop;2009;148;76;52;-6;12;38;225;7;4;76
Oops!...I Did It Again;Britney Spears;dance pop;2000;95;83;75;-5;36;89;211;30;4;76
Mother's Daughter;Miley Cyrus;dance pop;2019;91;87;68;-4;15;53;219;0;6;76
Lush Life;Zara Larsson;dance pop;2017;98;71;69;-4;21;80;201;13;5;76
Maps;Maroon 5;pop;2015;120;71;74;-6;6;88;190;2;3;76
This Love;Maroon 5;pop;2002;95;86;71;-5;9;81;206;5;4;76
Waka Waka (This Time for Africa) [The Official 2010 FIFA World Cup (TM) Song];Shakira;colombian pop;2010;127;87;77;-6;8;74;203;1;14;76
Him & I (with Halsey);G-Eazy;hip hop;2017;88;73;59;-6;31;19;269;5;9;76
Nightmare;Halsey;dance pop;2019;146;62;61;-5;36;54;232;2;7;76
Propuesta Indecente;Romeo Santos;bachata;2014;123;63;76;-7;7;74;235;50;5;75
Rewrite The Stars (with James Arthur & Anne-Marie);James Arthur;pop;2018;126;74;67;-5;47;57;218;24;4;75
The A Team;Ed Sheeran;pop;2011;85;29;64;-10;18;41;258;67;4;75
"My Heart Will Go On - Love Theme from ""Titanic""";Céline Dion;canadian pop;1997;99;28;43;-12;12;4;280;73;3;75
Hurts Like Hell (feat. Offset);Madison Beer;dance pop;2018;75;56;70;-7;9;61;207;19;18;75
Dura;Daddy Yankee;latin;2018;95;84;78;-3;41;84;200;17;5;75
Unwritten;Natasha Bedingfield;dance pop;2004;100;80;71;-6;8;63;259;1;4;75
Say My Name;Destiny's Child;dance pop;1999;138;68;71;-4;15;73;271;27;10;75
Échame La Culpa;Luis Fonsi;latin;2019;96;90;73;-4;12;65;174;4;4;75
Young And Beautiful;Lana Del Rey;art pop;2013;114;42;32;-9;11;15;236;26;4;75
Versace on the Floor;Bruno Mars;pop;2016;174;57;58;-6;8;30;261;20;5;75
What About Us;P!nk;dance pop;2017;114;59;49;-6;9;19;270;3;5;75
Rolling in the Deep;Adele;british soul;2011;105;76;73;-5;5;52;228;13;3;75
Ocean Drive;Duke Dumont;dance pop;2015;115;72;69;-5;12;56;206;1;4;75
...Baby One More Time;Britney Spears;dance pop;1999;93;70;76;-6;44;91;211;20;3;75
Wrecking Ball;Miley Cyrus;dance pop;2013;120;42;53;-6;11;35;221;41;3;75
Let Her Go;Passenger;folk-pop;2013;75;55;48;-7;10;24;253;37;7;75
Clocks;Coldplay;permanent wave;2002;131;75;58;-7;18;26;308;60;3;75
Tell Me Why;LaFee;german pop;2008;95;24;52;-11;11;24;269;79;3;20
Snow in December;Arilena Ara;;2017;127;47;46;-6;15;27;150;64;5;20
Я буду всегда с тобой;Наргиз;russian dance pop;2017;168;61;42;-4;19;32;264;16;3;19
Самая любимая;Челси;;2006;154;66;48;-6;22;60;214;1;3;19
Russian Fairy Tale;Lara Fabian;french pop;2010;150;33;37;-13;7;26;248;90;3;19
A Light (Night);Charlie Winston;uk alternative pop;2015;124;50;71;-10;14;28;243;57;3;19
Depression;Дима Билан;eurovision;2011;152;74;60;-7;10;59;226;12;5;18
Desperate Housewife;Lara Fabian;french pop;2010;144;45;59;-10;14;33;222;77;3;18
Море;Elvira T;russian dance pop;2013;140;75;65;-8;80;43;218;63;8;17
Обида;Бьянка;belarusian pop;2016;123;57;78;-6;13;47;168;33;6;17
Москва-Нева;Ирина Дубцова;russian dance pop;2017;90;89;61;-5;14;39;217;27;9;17
Sliver & Gold;Arilena Ara;;2017;120;58;68;-5;32;40;182;44;5;17
Падает снег;Би-2;belarusian pop;2012;93;15;40;-14;11;19;244;93;4;16
Nothing at All - Radio Edit;Fat Cat Cinema;;2017;105;85;40;-4;21;33;227;10;8;14
Love Is Gone;Isaac Nightingale;;2018;130;63;72;-8;8;30;248;11;4;14
Closer;Travis;britpop;2007;108;58;54;-8;13;27;241;20;2;14
Поздно;Наталья Подольская;belarusian pop;2004;140;61;50;-8;14;13;213;5;3;14
Текила-любовь;Валерий Меладзе;classic russian pop;2002;123;84;64;-4;7;60;223;38;4;14
Вiтер;Мария Чайковская;ukrainian pop;2015;128;53;65;-10;13;33;287;1;3;12
Чужая невеста;Челси;;2006;132;60;63;-7;14;66;213;31;3;11
Эхо тысячи вокзалов (Радиоверсия);Гуша Катушкин;ukrainian pop;2019;100;48;59;-9;12;40;210;81;6;10
Ангелом;Мария Чайковская;ukrainian pop;2017;77;14;49;-12;20;22;211;92;6;9
Je Te Dis Non;Élodie Frégé;chanson;2005;114;41;46;-8;13;26;194;58;3;8
Скользкие улицы;Би-2;belarusian pop;2015;200;63;38;-6;28;72;338;31;6;8
К черту любовь;LOBODA;russian dance pop;2016;100;71;65;-5;8;61;214;7;5;8
Я к тебе не подойду;Челси;;2006;154;59;56;-8;38;46;222;1;3;7
Falling;Hospital;;2013;98;77;46;-5;8;31;217;0;3;7
Я не могу сказать;Emin & Ани Лорак;russian dance pop;2016;136;85;50;-3;14;26;249;13;4;7
Самба белого мотылька;Валерий Меладзе;classic russian pop;2002;110;80;67;-4;20;72;242;32;3;7
Снег;Alyosha;ukrainian pop;2017;140;51;54;-6;10;31;211;26;3;5
Над землёй;Даша Суворова;;2013;126;39;67;-8;17;26;243;59;4;4
S.O.S;Aris;;2018;140;61;67;-7;30;35;199;22;8;3
Танцуй !;Сплин;classic russian rock;2014;90;80;57;-7;16;71;251;7;4;1